Model,CV Accuracy,CV Precision,CV Recall,CV F1,CV ROC-AUC,Train F1,Generalization Gap,F1 Std Dev,Training Time (sec),Model Size (KB)
Random Forest,0.768375,0.44937049795811035,0.598159509202454,0.5128551727930128,0.7816649170286329,0.6667645513810166,0.1539093785880038,0.02726846870894578,0.7720643520355225,10044.5185546875
Logistic Regression,0.7182499999999999,0.39092401599858007,0.6865030674846626,0.49802088044035797,0.7554473134227735,0.49576616353943753,-0.0022547169009204393,0.022048367875415163,0.03243632316589355,1.4921875
Decision Tree,0.7130000000000001,0.38540484057602764,0.6852760736196319,0.4929294167741398,0.756271007695197,0.532218673523965,0.0392892567498252,0.009155776485376375,0.010584306716918946,9.51953125
Histogram Gradient Boosting,0.8241249999999999,0.6423606538787142,0.3122699386503068,0.4197991674720679,0.7827785054559814,0.5454726143286606,0.12567344685659265,0.01310104368218542,0.23379979133605958,351.416015625
Gradient Boosting,0.821875,0.6440453029299305,0.2852760736196319,0.39466625369617625,0.7847181959145149,0.4430704061181737,0.04840415242199747,0.014042325927172602,0.7797746658325195,197.0458984375
K-Nearest Neighbors,0.810125,0.5953495475632723,0.21411042944785277,0.3148377044609153,0.730218094788647,0.3661808541439867,0.05134314968307141,0.027270126573058228,0.0027988910675048827,706.7216796875
Dummy Baseline,0.79625,0.0,0.0,0.0,0.5,0.0,0.0,0.0,0.0005656242370605469,0.6572265625
