Feature,Importance
Age,0.46738715427649685
Balance,0.13731535668925227
EstimatedSalary,0.11703703292713416
CreditScore,0.1122264786723793
Geography_Germany,0.0571544091374986
Tenure,0.05666423059377408
Gender_Male,0.039548263524905355
Geography_Spain,0.012667074178559334
