Metric,Value
Accuracy,0.766
Precision,0.4452423698384201
Recall,0.6093366093366094
F1 Score,0.5145228215767634
ROC-AUC,0.7837776142860888
Training F1,0.6436485441896418
Generalization Gap,0.12912572261287836
Training Time (sec),0.955230624997057
Model Size (KB),10044.5185546875
